filename,class,width,height,is_grayscale,brightness,annotated
img_001.jpg,cat,800,600,False,120,True
img_002.jpg,dog,640,480,False,150,True
img_003.jpg,cat,800,600,False,110,True
img_004.jpg,bird,320,240,True,90,False
img_005.jpg,dog,640,480,False,160,True
img_006.jpg,cat,800,600,False,130,True
img_007.jpg,bird,320,240,True,85,True
img_008.jpg,cat,800,600,False,115,True
img_009.jpg,dog,640,480,False,155,False
img_010.jpg,bird,320,240,True,95,True
img_011.jpg,cat,800,600,False,125,True
img_012.jpg,dog,640,480,False,145,True
img_013.jpg,bird,320,240,True,88,False
img_014.jpg,cat,800,600,False,118,True
img_015.jpg,dog,640,480,False,158,True
img_016.jpg,bird,320,240,True,92,True
img_017.jpg,cat,800,600,False,122,False
img_018.jpg,dog,640,480,False,148,True
img_019.jpg,bird,320,240,True,82,True
img_020.jpg,cat,800,600,False,135,True
img_021.jpg,dog,640,480,False,152,False
img_022.jpg,bird,320,240,True,98,True
img_023.jpg,cat,800,600,False,108,True
img_024.jpg,dog,640,480,False,162,True
img_025.jpg,bird,320,240,True,86,False
img_026.jpg,cat,800,600,False,128,True
img_027.jpg,dog,640,480,False,142,True
img_028.jpg,bird,320,240,True,94,True
img_029.jpg,cat,800,600,False,112,False
img_030.jpg,dog,640,480,False,165,True
img_031.jpg,bird,320,240,True,89,True
img_032.jpg,cat,800,600,False,126,True
img_033.jpg,dog,640,480,False,147,True
img_034.jpg,bird,320,240,True,91,False
img_035.jpg,cat,800,600,False,119,True
img_036.jpg,dog,640,480,False,159,True
img_037.jpg,bird,320,240,True,83,True
img_038.jpg,cat,800,600,False,132,True
img_039.jpg,dog,640,480,False,144,False
img_040.jpg,bird,320,240,True,97,True
img_041.jpg,cat,800,600,False,114,True
img_042.jpg,dog,640,480,False,161,True
img_043.jpg,bird,320,240,True,87,False
img_044.jpg,cat,800,600,False,123,True
img_045.jpg,dog,640,480,False,149,True
img_046.jpg,bird,320,240,True,93,True
img_047.jpg,cat,800,600,False,116,False
img_048.jpg,dog,640,480,False,164,True
img_049.jpg,bird,320,240,True,84,True
img_050.jpg,cat,800,600,False,131,True
img_051.jpg,car,1024,768,False,140,True
img_052.jpg,plane,1920,1080,False,180,True
img_053.jpg,bike,640,480,True,70,False
img_054.jpg,car,1024,768,False,130,True
img_055.jpg,plane,1920,1080,False,190,True
img_056.jpg,bike,640,480,True,60,True
img_057.jpg,car,1024,768,False,120,False
img_058.jpg,plane,1920,1080,False,170,True
img_059.jpg,bike,640,480,True,80,True
img_060.jpg,car,1024,768,False,150,True
img_061.jpg,plane,1920,1080,False,160,False
img_062.jpg,bike,640,480,True,50,True
img_063.jpg,car,1024,768,False,110,True
img_064.jpg,plane,1920,1080,False,185,True
img_065.jpg,bike,640,480,True,90,False
img_066.jpg,car,1024,768,False,140,True
img_067.jpg,plane,1920,1080,False,195,True
img_068.jpg,bike,640,480,True,55,True
img_069.jpg,car,1024,768,False,135,True
img_070.jpg,plane,1920,1080,False,175,True
img_071.jpg,bike,640,480,True,75,False
img_072.jpg,car,1024,768,False,125,True
img_073.jpg,plane,1920,1080,False,165,True
img_074.jpg,bike,640,480,True,65,True
img_075.jpg,car,1024,768,False,115,True
img_076.jpg,plane,1920,1080,False,155,False
img_077.jpg,bike,640,480,True,85,True
img_078.jpg,car,1024,768,False,145,True
img_079.jpg,plane,1920,1080,False,190,True
img_080.jpg,bike,640,480,True,45,True
img_081.jpg,car,1024,768,False,130,True
img_082.jpg,plane,1920,1080,False,180,True
img_083.jpg,bike,640,480,True,95,False
img_084.jpg,car,1024,768,False,120,True
img_085.jpg,plane,1920,1080,False,170,True
img_086.jpg,bike,640,480,True,50,True
img_087.jpg,car,1024,768,False,150,False
img_088.jpg,plane,1920,1080,False,160,True
img_089.jpg,bike,640,480,True,70,True
img_090.jpg,car,1024,768,False,110,True
img_091.jpg,plane,1920,1080,False,195,True
img_092.jpg,bike,640,480,True,60,False
img_093.jpg,car,1024,768,False,140,True
img_094.jpg,plane,1920,1080,False,185,True
img_095.jpg,bike,640,480,True,80,True
img_096.jpg,car,1024,768,False,125,True
img_097.jpg,plane,1920,1080,False,175,True
img_098.jpg,bike,640,480,True,55,False
img_099.jpg,car,1024,768,False,165,True
img_100.jpg,plane,1920,1080,False,190,True